{
    "accuracy": 0.0261116367076632,
    "bleu": {
        "bleu": 0.008023195385589592,
        "brevity_penalty": 1.0,
        "length_ratio": 3.4277132884162675,
        "precisions": [
            0.0594420499218491,
            0.011667253187515226,
            0.0038241484599650195,
            0.0015624003571200816
        ],
        "reference_length": 12319,
        "translation_length": 42226
    },
    "rouge": {
        "rouge1": 0.1135084370610363,
        "rouge2": 0.02774578701638971,
        "rougeL": 0.1110358001560629,
        "rougeLsum": 0.11112965284751897
    }
}